[
  {
    "_id": "5d713995b721c3bb38c1f5d0",
    "name": "Arrow Shirts",
    "productImage": "uploads/product/arrow.png",
    "brand": "Arrow Shirts",
    "price": 600,
    "category": "Shirt",
    "countInStock": 6,
    "description": "Arrow is one of the oldest brands when it comes to men's shirts and is owned by the PVH Company"
  },
  {
    "_id": "5d713a66ec8f2b88b8f830b8",
    "name": "Peter England Shirts",
    "productImage": "uploads/product/peter.jpg",
    "brand": "Peter England Shirts",
    "price": 1000,
    "category": "Shirt",
    "countInStock": 3,
    "description": "Peter England is one of the largest menswear brands in India known for its standardized fits, fashionable styles and superior quality. Peter England’s shirts are a blend of comfort and style that makes it a top men’s shirt brand."
  },
  {
    "_id": "5d725a037b292f5f8ceff787",
    "name": "Levi’s",
    "productImage": "uploads/product/Levis.jpg",
    "brand": "Levi’s",
    "price": 200,
    "category": "Pants",
    "countInStock": 2,
    "description": "Levi’s is one of the most popular and top-selling jeans brand in the world. This veteran jeans brand has been able to create a distinctive place of its own in the merchandise industry as people associate it with a definite status symbol."
  },
  {
    "_id": "5d725a1b7b292f5f8ceff788",
    "name": "Wrangler",
    "productImage": "uploads/product/wrangler.jpg",
    "brand": "Wrangler",
    "price": 100,
    "category": "Pants",
    "countInStock": 1,
    "description": "Wrangler is often described as a cool jeans brand because of superb fitting and stylish looks. It is designed by integrating both modern trends and vintage fashion. The in-demand jeans brand carries a “W” signature on its back pocket that gives it an individual, original and classy look."
  }
]
